Source,Destination,Risk Level,Source_Latitude,Source_Longitude,Destination_Latitude,Destination_Longitude,Human Disturbance,Predator Presence,Environmental Hazard,Physical Barrier,Source_State,Destination_State,Calculated_Distance_km,Distance_km,Distance (km)
Jim Corbett,Rajaji,2,29.53,78.774,30.14,78.26,0.374540119,0.078456381,0.370472103,0.525690182,Uttarakhand,Uttarakhand,83.90391931,83.90391930619569,83.90391930619569
Jim Corbett,Kaziranga,2,29.53,78.774,26.576,93.336,0.950714306,0.025350743,0.484522985,0.171679286,Uttarakhand,Assam,1467.47363,1467.4736300740358,1467.4736300740358
Rajaji,Kaziranga,3,30.14,78.26,26.576,93.336,0.731993942,0.962648415,0.618254772,0.272307327,Uttarakhand,Assam,1528.4759,1528.475899922202,1528.475899922202
Kaziranga,Sundarbans,2,26.576,93.336,21.949,89.183,0.598658484,0.835980121,0.36891364,0.018390677,Assam,West Bengal,663.5719351,663.5719350972905,663.5719350972905
Sundarbans,Gir Forest,3,21.949,89.183,21.124,70.824,0.15601864,0.695974206,0.462534716,0.914298807,West Bengal,Gujarat,1902.951913,1902.951912617508,1902.9519126175082
Rajaji,Gir Forest,2,30.14,78.26,21.124,70.824,0.15599452,0.408952944,0.747470938,0.117751083,Uttarakhand,Gujarat,1246.291313,1246.2913129241,1246.2913129241
Jim Corbett,Rajaji,1,30.67850004,92.07494969,27.39560416,79.19365852,0.058083612,0.17329432,0.036683203,0.576516476,Uttarakhand,Uttarakhand,1305.469305,1305.469305427754,1305.4693054277539
Gir Forest,Rajaji,2,27.55138573,77.15906018,22.576326,70.4761609,0.866176146,0.156437043,0.252436944,0.274055221,Gujarat,Uttarakhand,870.5300815,870.5300814561316,870.5300814561316
Sundarbans,Jim Corbett,3,22.57341077,70.4675837,27.4203871,73.33888213,0.601115012,0.250242898,0.713349586,0.554178003,West Bengal,Uttarakhand,610.0935091,610.0935091259288,610.0935091259288
Kaziranga,Sundarbans,4,20.99925562,73.67751443,24.45145942,75.17859568,0.708072578,0.549226665,0.895206838,0.651420388,Assam,West Bengal,412.2134664,412.2134664054327,412.2134664054327
Kaziranga,Rajaji,3,23.22410796,86.82669117,27.00953595,79.34055712,0.020584494,0.714595923,0.511677442,0.829741804,Assam,Uttarakhand,863.3583098,863.3583097915389,863.3583097915389
Rajaji,Kaziranga,3,25.17859568,90.8010244,21.31201808,92.38653928,0.969909852,0.660197377,0.532113485,0.206421272,Uttarakhand,Assam,457.9072494,457.9072493538294,457.9072493538294
Gir Forest,Sundarbans,2,28.3430367,72.69874763,23.46836402,91.76184633,0.832442641,0.279933897,0.107172011,0.010995829,Gujarat,West Bengal,1982.372057,1982.3720565738577,1982.3720565738577
Jim Corbett,Kaziranga,2,26.01647895,93.3210728,28.4351309,85.25580282,0.212339111,0.954865281,0.447412367,0.13688563,Uttarakhand,Assam,842.434661,842.4346609990159,842.4346609990159
Kaziranga,Rajaji,3,28.19190205,93.9825506,30.80671134,90.18966152,0.181824967,0.737896917,0.532617266,0.900018642,Assam,Uttarakhand,468.2016592,468.2016592344552,468.20165923445524
Rajaji,Sundarbans,2,21.5042643,70.90196567,24.31213617,71.1367328,0.18340451,0.554354053,0.242470504,0.873890078,Uttarakhand,West Bengal,311.8829227,311.8829227004481,311.8829227004481
Kaziranga,Sundarbans,2,24.44290671,78.51644061,27.58122243,73.73911486,0.304242243,0.611720746,0.269243231,0.597413102,Assam,West Bengal,591.1711675,591.1711675048762,591.1711675048762
Sundarbans,Kaziranga,2,27.06868685,90.94119533,28.47028319,85.89708278,0.524756432,0.419600062,0.377284163,0.60051686,West Bengal,Assam,520.8403819,520.8403819060384,520.8403819060384
Rajaji,Jim Corbett,2,23.28484579,78.56883516,27.24431655,83.27404433,0.431945019,0.24773099,0.020071198,0.665036675,Uttarakhand,Uttarakhand,645.6477964,645.6477964092425,645.6477964092425
Sundarbans,Rajaji,1,21.15406694,87.07711544,26.50729746,77.06326547,0.29122914,0.355972679,0.322079166,0.175371279,West Bengal,Uttarakhand,1179.331846,1179.331845649421,1179.331845649421
Rajaji,Sundarbans,3,22.38287506,75.36239617,29.83708404,70.16721738,0.611852895,0.75784611,0.211448007,0.914411946,Uttarakhand,West Bengal,975.3861023,975.386102293367,975.386102293367
Gir Forest,Sundarbans,1,25.84870461,76.21445914,20.03600795,87.22223798,0.139493861,0.014393489,0.327497352,0.418770525,Gujarat,West Bengal,1298.766266,1298.76626646076,1298.76626646076
Jim Corbett,Kaziranga,1,27.73149885,80.15368529,28.01002976,72.81626041,0.292144649,0.116072641,0.119762132,0.383138528,Uttarakhand,Assam,723.1317271,723.1317271123593,723.1317271123593
Gir Forest,Rajaji,2,29.1639699,72.55427918,23.18809978,76.91733253,0.366361843,0.046002642,0.890527281,0.518917705,Gujarat,Uttarakhand,792.6336138,792.6336137875478,792.6336137875478
Sundarbans,Rajaji,1,22.01721408,87.2597528,28.51564589,74.20517686,0.456069984,0.040728802,0.593592454,0.046965967,West Bengal,Uttarakhand,1497.665843,1497.6658433646228,1497.6658433646228
Jim Corbett,Kaziranga,3,24.45887263,72.66081165,25.7915403,90.65797305,0.785175961,0.855460584,0.679102319,0.166283369,Uttarakhand,Assam,1819.544275,1819.544274859294,1819.544274859294
Kaziranga,Jim Corbett,3,26.82742215,90.37957034,24.35613393,78.46862041,0.199673782,0.703657859,0.789171239,0.738033616,Assam,Uttarakhand,1226.962028,1226.9620282762592,1226.9620282762592
Gir Forest,Jim Corbett,2,20.79630354,76.95721387,27.0115374,87.48006929,0.514234438,0.474173829,0.498442199,0.082798668,Gujarat,Uttarakhand,1272.671203,1272.671203228428,1272.6712032284279
Kaziranga,Jim Corbett,2,28.24380039,92.36026722,23.16795078,82.33395364,0.592414569,0.097834161,0.086920288,0.603152109,Assam,Uttarakhand,1152.055849,1152.055848762389,1152.0558487623887
Jim Corbett,Rajaji,2,27.13367581,75.60568158,28.83913709,81.80048582,0.046450413,0.491615875,0.537106542,0.24534911,Uttarakhand,Uttarakhand,637.9413392,637.9413391910358,637.9413391910358
Jim Corbett,Gir Forest,3,21.93877264,85.59781449,30.60631306,83.4731791,0.607544852,0.473471771,0.586841118,0.389295614,Uttarakhand,Gujarat,983.4009048,983.4009047681072,983.4009047681072
Jim Corbett,Gir Forest,2,26.12143065,91.39693439,30.81024219,79.50705514,0.170524124,0.17320187,0.745439474,0.288693737,Uttarakhand,Gujarat,1274.13802,1274.1380202570904,1274.1380202570904
Jim Corbett,Kaziranga,2,26.69009112,88.16273534,20.50395871,79.63954493,0.065051593,0.433851649,0.431659546,0.355672716,Uttarakhand,Assam,1106.709185,1106.7091847655472,1106.7091847655472
Sundarbans,Kaziranga,3,26.3427843,80.85997232,23.99363817,80.03705673,0.948885537,0.398504734,0.127580303,0.719045905,West Bengal,Assam,273.1286396,273.1286396442049,273.1286396442049
Jim Corbett,Gir Forest,3,22.86940633,70.67792827,25.67103077,88.85078325,0.965632033,0.615850098,0.283775906,0.297121716,Uttarakhand,Gujarat,1869.557942,1869.5579423740712,1869.5579423740712
Jim Corbett,Kaziranga,3,24.91314423,84.93970922,30.30331295,76.0103989,0.808397348,0.635093651,0.363082296,0.56640464,Uttarakhand,Assam,1064.124764,1064.1247638366367,1064.1247638366367
Gir Forest,Jim Corbett,2,30.51368396,79.6651939,30.51108447,76.23887323,0.304613769,0.04530401,0.645917241,0.476050402,Gujarat,Uttarakhand,328.8689218,328.86892177707654,328.86892177707654
Kaziranga,Jim Corbett,2,22.41947211,83.84560891,24.09541493,89.38916216,0.097672114,0.374612615,0.570778305,0.663671165,Assam,Uttarakhand,596.7864072,596.7864072067657,596.7864072067657
Kaziranga,Jim Corbett,3,29.0561588,84.85737403,26.14921982,76.72829056,0.684233027,0.625859916,0.356096726,0.936829739,Assam,Uttarakhand,864.4634793,864.4634793284725,864.4634793284725
Kaziranga,Sundarbans,3,24.25477549,77.01605531,29.56323084,79.37517221,0.440152494,0.503136259,0.986515249,0.732572097,Assam,West Bengal,633.0979572,633.0979571593671,633.0979571593671
Jim Corbett,Rajaji,2,24.53210721,72.2617743,28.41988047,82.95392582,0.122038235,0.856489841,0.605774819,0.214940379,Uttarakhand,Uttarakhand,1149.236316,1149.2363161064582,1149.2363161064582
Rajaji,Kaziranga,2,27.66703046,87.92169583,29.45593716,78.90730204,0.49517691,0.658693632,0.237226792,0.031183135,Uttarakhand,Assam,903.7727998,903.7727997576916,903.7727997576915
Jim Corbett,Sundarbans,1,29.61831713,86.73759154,28.93885269,79.90778657,0.034388521,0.162934427,0.101782473,0.262264044,Uttarakhand,West Bengal,667.8547873,667.8547872595776,667.8547872595776
Jim Corbett,Gir Forest,2,30.92162542,82.95407268,26.69579486,93.48162529,0.909320402,0.070568747,0.152859139,0.595077931,Uttarakhand,Gujarat,1128.66072,1128.6607199911978,1128.6607199911978
Kaziranga,Rajaji,1,27.969332,76.28935795,23.84885096,86.67334136,0.258779982,0.642419278,0.245957728,0.051425813,Assam,Uttarakhand,1135.560206,1135.5602059778364,1135.5602059778364
Sundarbans,Gir Forest,2,26.96495528,88.82919906,23.53121782,75.63385785,0.662522284,0.026511311,0.160681373,0.496366247,West Bengal,Gujarat,1381.897215,1381.897214822451,1381.897214822451
Rajaji,Jim Corbett,2,20.48999395,84.47996978,20.75920258,72.92206218,0.311711076,0.585775581,0.186567024,0.596842849,Uttarakhand,Uttarakhand,1204.772053,1204.772052884545,1204.772052884545
Kaziranga,Jim Corbett,3,29.92271693,85.91160991,21.52003924,74.21143296,0.520068021,0.940230241,0.285095169,0.334243891,Assam,Uttarakhand,1496.687249,1496.6872494143868,1496.6872494143868
Gir Forest,Rajaji,3,30.90912941,73.05788653,26.85147767,77.96103135,0.546710279,0.575474178,0.173373595,0.770912204,Gujarat,Uttarakhand,656.364981,656.3649810191176,656.3649810191176
Sundarbans,Gir Forest,2,26.8337847,75.85093768,27.70294761,75.4263433,0.184854456,0.388169926,0.896765425,0.106598253,West Bengal,Gujarat,105.0863049,105.08630488289104,105.08630488289104
Sundarbans,Gir Forest,2,22.65465057,87.0932283,24.92460714,71.66057254,0.969584628,0.643288218,0.080233746,0.075137782,West Bengal,Gujarat,1591.87926,1591.8792601823902,1591.8792601823902
Kaziranga,Sundarbans,3,22.83601008,71.47970885,28.25738807,92.86847907,0.775132823,0.45825289,0.52451139,0.728188756,Assam,West Bengal,2228.306014,2228.306014225194,2228.306014225194
Rajaji,Sundarbans,3,21.94666327,83.41748603,27.15009746,72.1272544,0.939498942,0.545616789,0.410396827,0.495491316,Uttarakhand,West Bengal,1280.026279,1280.0262793382778,1280.0262793382778
Kaziranga,Rajaji,4,26.85998119,83.74119306,20.21137659,74.63822029,0.89482735,0.941464809,0.982378617,0.688402396,Assam,Uttarakhand,1185.089494,1185.0894935727056,1185.0894935727056
Gir Forest,Jim Corbett,2,22.05837626,83.75572397,20.29901674,70.46269066,0.597899979,0.386102638,0.112038902,0.434827339,Gujarat,Uttarakhand,1393.626733,1393.6267327063672,1393.6267327063672
Jim Corbett,Gir Forest,3,22.75184513,85.55272613,20.79992501,88.52340971,0.921874235,0.961190564,0.397855599,0.246402033,Uttarakhand,Gujarat,375.622003,375.62200302416784,375.62200302416784
Gir Forest,Jim Corbett,3,25.33529336,86.95188557,28.96834181,87.75451325,0.088492502,0.905350642,0.969470433,0.819102318,Gujarat,Uttarakhand,410.3454523,410.3454523066054,410.3454523066054
Gir Forest,Sundarbans,3,20.3978785,91.00927139,29.51807848,93.37817117,0.195982862,0.195791135,0.865507126,0.799415879,Gujarat,West Bengal,1038.118551,1038.118550770706,1038.118550770706
Kaziranga,Gir Forest,2,26.09594894,80.95449926,24.24673632,74.18690917,0.045227289,0.069361301,0.817072071,0.694696471,Assam,Gujarat,712.2123988,712.2123987939913,712.2123987939913
Kaziranga,Rajaji,1,20.17307955,73.1180649,21.61204113,78.90001555,0.325330331,0.100778001,0.257902827,0.272145137,Assam,Uttarakhand,622.2657209,622.2657208772976,622.2657208772976
Kaziranga,Gir Forest,1,27.15261122,91.65957841,27.35070239,90.98640016,0.38867729,0.018221826,0.170887587,0.590230667,Assam,Gujarat,70.18726825,70.18726825425803,70.18726825425803
Kaziranga,Sundarbans,2,28.96870781,76.23493599,30.50156888,70.16449275,0.271349032,0.094442961,0.66864322,0.360973897,Assam,West Bengal,611.2522924,611.252292366576,611.252292366576
Rajaji,Sundarbans,3,24.87225271,80.89605337,25.97944431,71.05003618,0.828737509,0.683006773,0.929375989,0.091582073,Uttarakhand,West Bengal,997.8191295,997.8191295325404,997.8191295325403
Kaziranga,Sundarbans,2,22.43238395,92.52171195,24.73782707,84.541819,0.356753327,0.071188648,0.556762893,0.917313575,Assam,West Bengal,853.4486254,853.4486253860143,853.4486253860143
Kaziranga,Jim Corbett,2,27.97452898,74.23492877,24.34196764,74.43418901,0.28093451,0.31897563,0.571612689,0.136818631,Assam,Uttarakhand,402.9463702,402.9463702266017,402.9463702266017
Sundarbans,Jim Corbett,3,24.53437204,93.25250547,27.33976351,81.88163759,0.542696083,0.844875311,0.279979094,0.950237354,West Bengal,Uttarakhand,1180.13956,1180.1395603151118,1180.1395603151118
Jim Corbett,Sundarbans,2,29.2771099,73.98956839,30.23980247,86.7544383,0.140924225,0.023271936,0.769492933,0.446005773,Uttarakhand,West Bengal,1238.552148,1238.5521475830867,1238.5521475830867
Kaziranga,Sundarbans,2,23.76426495,81.34975717,29.94593961,80.6400281,0.802196981,0.814468483,0.187043749,0.185132929,Assam,West Bengal,688.557197,688.5571970133453,688.5571970133453
Kaziranga,Jim Corbett,2,23.804371,74.09193239,30.97043625,75.83996378,0.074550644,0.281854775,0.323679236,0.541900947,Assam,Uttarakhand,812.6375165,812.6375164817822,812.6375164817822
Sundarbans,Rajaji,3,21.06615017,72.50968915,27.11606011,75.4134201,0.986886937,0.118164828,0.425436439,0.872945836,West Bengal,Uttarakhand,732.1616334,732.1616334064499,732.1616334064499
Rajaji,Gir Forest,3,27.25058272,83.88477965,29.23414778,90.17968036,0.772244769,0.696737165,0.507610379,0.732224886,Uttarakhand,Gujarat,655.6121211,655.6121210846891,655.6121210846891
Gir Forest,Jim Corbett,2,25.86061128,74.762296,24.47503915,91.03036405,0.198715682,0.628942847,0.242409732,0.806561148,Gujarat,Uttarakhand,1646.127168,1646.12716787326,1646.1271678732599
Gir Forest,Kaziranga,2,22.9711884,87.77274739,27.27331598,80.41923166,0.005522117,0.877472014,0.114836825,0.658783367,Gujarat,Assam,881.2070732,881.2070732180902,881.2070732180902
Jim Corbett,Kaziranga,4,29.60681321,74.39300285,20.52583866,73.94233936,0.815461428,0.735071044,0.610620042,0.692276565,Uttarakhand,Assam,1006.97196,1006.9719604496146,1006.9719604496146
Kaziranga,Gir Forest,3,20.55007843,93.91212302,24.99819276,76.32183806,0.706857344,0.80348093,0.288630553,0.849195652,Assam,Gujarat,1870.642325,1870.642324504675,1870.642324504675
Gir Forest,Jim Corbett,2,23.04586234,88.03430898,26.93446614,73.55920647,0.729007168,0.282034573,0.581238221,0.249668009,Gujarat,Uttarakhand,1522.427357,1522.427357248262,1522.427357248262
Gir Forest,Rajaji,2,23.77092457,92.2368963,24.44471784,93.33880008,0.771270347,0.177439544,0.154362715,0.489424964,Gujarat,Uttarakhand,134.6078833,134.6078832680452,134.6078832680452
Rajaji,Jim Corbett,2,26.15332924,77.68506487,26.658307,87.63925817,0.074044652,0.750614752,0.481140102,0.221209442,Uttarakhand,Uttarakhand,994.4639067,994.4639066542546,994.4639066542546
Sundarbans,Jim Corbett,3,21.00507754,70.93559746,27.27870135,74.4542565,0.358465729,0.806834739,0.532589433,0.987668008,West Bengal,Uttarakhand,781.3710331,781.3710331278796,781.3710331278796
Sundarbans,Gir Forest,3,25.80778345,91.49754044,22.68040809,72.55098741,0.11586906,0.990505142,0.051823537,0.94405934,West Bengal,Gujarat,1953.275392,1953.275391742858,1953.2753917428581
Kaziranga,Sundarbans,2,23.30262125,82.86042358,29.23804287,76.45183352,0.863103426,0.412617677,0.336604278,0.039426811,Assam,West Bengal,917.33224,917.3322400269552,917.3322400269551
Kaziranga,Sundarbans,2,20.30786402,70.27050286,25.60389241,72.11264633,0.623298127,0.372018086,0.134414677,0.705575173,Assam,West Bengal,616.1477902,616.1477902015749,616.1477902015749
Sundarbans,Rajaji,3,20.10525203,80.3273908,26.19284898,73.54858988,0.330898025,0.776412961,0.06337497,0.925248317,West Bengal,Uttarakhand,967.2987066,967.2987065519904,967.2987065519903
Jim Corbett,Sundarbans,2,27.54801499,80.1125681,20.28053906,70.53274416,0.06355835,0.34080354,0.989960232,0.180575345,Uttarakhand,West Bengal,1263.702251,1263.7022511176435,1263.7022511176435
Jim Corbett,Sundarbans,3,23.68881521,70.25380054,26.91341179,92.38154983,0.310982322,0.930757326,0.322353845,0.567945231,Uttarakhand,West Bengal,2253.759232,2253.7592324170173,2253.7592324170173
Kaziranga,Gir Forest,4,24.63132203,92.98844918,25.68131735,76.30332916,0.325183322,0.858412752,0.809874446,0.915488298,Assam,Gujarat,1685.125394,1685.1253937177964,1685.1253937177964
Rajaji,Sundarbans,2,27.28583868,89.3806385,23.34704764,84.06697824,0.729606178,0.428994027,0.254640655,0.033945979,Uttarakhand,West Bengal,690.2308563,690.2308563419098,690.2308563419098
Gir Forest,Jim Corbett,3,20.75812811,73.59906424,30.44152853,79.8097406,0.637557471,0.750871068,0.681502722,0.697420267,Gujarat,Uttarakhand,1240.330635,1240.3306346071731,1240.3306346071731
Rajaji,Jim Corbett,3,23.46756862,85.38230259,23.66798757,75.30669884,0.887212743,0.754542874,0.76022786,0.297349007,Uttarakhand,Uttarakhand,1028.631788,1028.63178787966,1028.6317878796601
Jim Corbett,Kaziranga,3,21.04108952,92.25771617,21.81604575,78.37114913,0.472214925,0.103123869,0.595638741,0.924396195,Uttarakhand,Assam,1441.697392,1441.6973922176542,1441.6973922176542
Sundarbans,Gir Forest,3,20.39312525,77.75958958,30.68701391,80.28333215,0.119594246,0.902552907,0.471576189,0.971058245,West Bengal,Gujarat,1168.128842,1168.1288422844127,1168.1288422844127
Kaziranga,Jim Corbett,3,27.98828222,91.61422803,22.35438161,72.84061708,0.713244787,0.505252372,0.411840914,0.944266489,Assam,Uttarakhand,1990.135571,1990.135571164988,1990.1355711649876
Jim Corbett,Gir Forest,3,22.10921368,83.66650646,23.29776793,93.47431622,0.760785049,0.826457466,0.348868267,0.474214217,Uttarakhand,Gujarat,1016.054269,1016.0542686502574,1016.0542686502574
Kaziranga,Gir Forest,3,23.01044276,80.51287181,22.05143212,83.3685913,0.561277198,0.320049601,0.929529144,0.862042651,Assam,Gujarat,312.3741721,312.37417205180395,312.37417205180395
Jim Corbett,Sundarbans,4,25.42929677,70.37579511,23.24764839,81.09589202,0.77096718,0.895523228,0.830619408,0.844549399,Uttarakhand,West Bengal,1114.063597,1114.0635973249875,1114.0635973249875
Gir Forest,Jim Corbett,3,25.39295242,75.00913494,21.59150192,85.74999192,0.493795596,0.389201679,0.965026911,0.319100473,Gujarat,Uttarakhand,1174.619688,1174.6196884988583,1174.6196884988583
Sundarbans,Kaziranga,2,24.33047232,70.31264477,25.1315954,85.7157631,0.522732829,0.010837651,0.124297223,0.828915474,West Bengal,Assam,1559.993193,1559.9931926613924,1559.9931926613924
Rajaji,Gir Forest,3,20.78262837,93.51619985,20.06070414,82.21616685,0.427541018,0.905381976,0.730867475,0.037007635,Uttarakhand,Gujarat,1181.796038,1181.7960384951953,1181.7960384951953
Sundarbans,Rajaji,2,23.071559,71.95485746,20.66368878,75.74069179,0.025419127,0.091286677,0.938340457,0.596269878,West Bengal,Uttarakhand,473.4523279,473.4523279101919,473.4523279101919
Jim Corbett,Gir Forest,1,29.92679868,73.77521519,25.29072873,81.96829818,0.107891427,0.319313638,0.181233066,0.230008837,Uttarakhand,Gujarat,957.6855347,957.685534668046,957.6855346680461
Jim Corbett,Sundarbans,1,21.71901903,89.91182335,26.48229882,89.45173962,0.031429186,0.950061967,0.066496267,0.120566886,Uttarakhand,West Bengal,529.6491802,529.6491801991697,529.6491801991697
Jim Corbett,Kaziranga,3,28.30371265,80.48504721,25.10111887,74.69513888,0.636410411,0.950607147,0.741120649,0.076953202,Uttarakhand,Assam,676.5284468,676.5284467955686,676.5284467955686
Rajaji,Kaziranga,3,25.6893164,89.32295315,22.33046668,72.46285562,0.314355981,0.573437888,0.574473113,0.696288776,Uttarakhand,Assam,1753.898353,1753.898352830112,1753.898352830112
Jim Corbett,Sundarbans,3,29.55995761,75.07442063,23.82976811,91.05657508,0.508570691,0.631837212,0.841828777,0.339874964,Uttarakhand,West Bengal,1710.543029,1710.5430288163889,1710.5430288163889
Jim Corbett,Kaziranga,3,23.80447728,70.06743626,23.99438192,86.4662287,0.907566474,0.448445522,0.139772377,0.724766772,Uttarakhand,Assam,1669.089874,1669.0898740769433,1669.0898740769433
Kaziranga,Jim Corbett,2,30.07518317,89.8167092,30.0432196,93.34056426,0.249292229,0.293210772,0.795267312,0.065356341,Assam,Uttarakhand,339.8067,339.8067000366842,339.8067000366842
Gir Forest,Kaziranga,2,23.70739319,72.87164149,27.18000888,83.74558537,0.410382923,0.328664545,0.20162732,0.315290338,Gujarat,Assam,1158.879499,1158.879499039149,1158.879499039149
Sundarbans,Gir Forest,3,26.93941213,79.52471369,30.43122035,93.91867972,0.755551139,0.672518456,0.163655943,0.539491292,West Bengal,Gujarat,1457.795519,1457.7955192194356,1457.7955192194356
Kaziranga,Sundarbans,2,30.61094169,70.5606757,28.627417,93.02561328,0.228798165,0.752374529,0.164265798,0.790723165,Assam,West Bengal,2183.227722,2183.227721949667,2183.227721949667
Jim Corbett,Kaziranga,3,24.01595145,75.46666004,25.83210145,90.74355622,0.07697991,0.791579044,0.81457472,0.318752503,Uttarakhand,Assam,1555.294158,1555.2941580592274,1555.2941580592274
Sundarbans,Kaziranga,3,29.78569796,87.2551684,23.3910608,73.35676584,0.289751453,0.789618143,0.665197221,0.625891376,West Bengal,Assam,1553.502798,1553.5027976289002,1553.5027976289002
Sundarbans,Gir Forest,2,25.77548884,87.62291727,22.35733323,83.05155226,0.161221287,0.091206103,0.523065425,0.885977748,West Bengal,Gujarat,599.456631,599.4566309880051,599.4566309880051
Rajaji,Kaziranga,3,29.10853729,71.60962481,22.18485027,74.52517116,0.929697652,0.494420305,0.358830484,0.615863188,Uttarakhand,Assam,820.8938944,820.893894353301,820.893894353301
Jim Corbett,Kaziranga,2,30.57285547,71.75651402,24.81672464,91.17926886,0.80812038,0.05755876,0.877200541,0.232959475,Uttarakhand,Assam,2015.914577,2015.914576599336,2015.914576599336
Gir Forest,Jim Corbett,2,30.73055989,89.69224402,26.69341572,71.96413408,0.633403757,0.549528882,0.392445107,0.024400782,Gujarat,Uttarakhand,1786.815021,1786.8150213993529,1786.8150213993529
Sundarbans,Rajaji,4,23.68906662,81.9179801,24.03021477,83.67593555,0.87146059,0.441530501,0.816599439,0.870098874,West Bengal,Uttarakhand,183.0099394,183.00993940780245,183.00993940780245
Gir Forest,Jim Corbett,3,24.90359657,83.51071195,20.92750396,92.44649091,0.803672077,0.887704183,0.439134909,0.021269411,Gujarat,Uttarakhand,1016.575666,1016.5756658093596,1016.5756658093596
Gir Forest,Kaziranga,2,24.75949698,73.71324615,28.00704437,72.66635244,0.186570059,0.350915013,0.376944429,0.874701673,Gujarat,Assam,374.6617223,374.6617223229779,374.6617223229779
Gir Forest,Kaziranga,3,20.36867698,87.39849254,21.42199027,73.73711724,0.892558998,0.117067016,0.462679786,0.528937134,Gujarat,Assam,1425.684932,1425.684932166186,1425.684932166186
Kaziranga,Rajaji,2,25.49193769,89.47256489,29.3652811,75.04700524,0.539342242,0.142991682,0.301377874,0.939067699,Assam,Uttarakhand,1488.277139,1488.2771390712876,1488.2771390712876
Kaziranga,Rajaji,4,25.76684201,77.62779323,30.96677779,78.00230705,0.807440155,0.761510632,0.74760938,0.798783236,Assam,Uttarakhand,577.4538169,577.4538168553081,577.4538168553081
Gir Forest,Rajaji,4,23.70834921,91.89266891,21.16669365,70.43962224,0.8960913,0.618218063,0.50272039,0.997934111,Gujarat,Uttarakhand,2224.132302,2224.1323022739107,2224.1323022739107
Sundarbans,Rajaji,1,20.87199446,78.87010132,21.14252889,76.17674449,0.318003475,0.101122676,0.232212695,0.350711815,West Bengal,Uttarakhand,281.6096183,281.60961831854587,281.60961831854587
Kaziranga,Sundarbans,2,24.94307122,83.44776186,30.69306499,71.15801012,0.110051925,0.084106806,0.899574573,0.767188289,Assam,West Bengal,1367.015423,1367.0154232827483,1367.0154232827485
Kaziranga,Sundarbans,2,22.03336839,80.82854058,26.64170717,91.04719679,0.227935163,0.700969131,0.383891221,0.401930914,Assam,West Bengal,1155.235388,1155.2353875464546,1155.2353875464546
Sundarbans,Gir Forest,2,22.75056233,80.37376208,23.91182214,85.44876301,0.427107789,0.072763006,0.543552861,0.47987562,West Bengal,Gujarat,534.6810815,534.6810814712021,534.6810814712021
Kaziranga,Rajaji,4,30.85934357,75.83438699,20.23581681,89.31626662,0.818014766,0.821860059,0.906472111,0.627505463,Assam,Uttarakhand,1791.762568,1791.762568213646,1791.7625682136459
Sundarbans,Jim Corbett,4,27.87940401,86.89601092,24.88360915,85.26191303,0.860730583,0.706242227,0.624237996,0.873677114,West Bengal,Uttarakhand,369.7963181,369.7963181380374,369.7963181380374
Rajaji,Jim Corbett,1,28.23893466,92.13767262,26.86741797,70.57440105,0.006952131,0.081348781,0.116898041,0.984083469,Uttarakhand,Uttarakhand,2132.299804,2132.2998040514904,2132.2998040514904
Rajaji,Sundarbans,3,21.00010877,85.21470536,30.44987135,82.74816868,0.510747303,0.084837714,0.939832124,0.768273414,Uttarakhand,West Bengal,1075.647281,1075.647281293139,1075.647281293139
Kaziranga,Rajaji,3,22.14164295,77.0554006,28.77030981,82.90254923,0.417411003,0.986639579,0.627708053,0.417766782,Assam,Uttarakhand,940.4057501,940.4057501175616,940.4057501175615
Sundarbans,Rajaji,2,25.4011483,86.37467091,23.50985454,70.91397491,0.22210781,0.374270796,0.334905615,0.421357002,West Bengal,Uttarakhand,1580.575545,1580.5755448719156,1580.5755448719156
Rajaji,Jim Corbett,2,30.35661891,71.52575109,24.11779799,85.09963341,0.119865367,0.370642147,0.139272073,0.737582302,Uttarakhand,Uttarakhand,1510.109666,1510.109665674007,1510.109665674007
Kaziranga,Gir Forest,3,27.39344737,73.70236714,25.25856527,80.7064052,0.337615171,0.812799567,0.794025189,0.238777146,Assam,Gujarat,738.0536261,738.0536260620182,738.0536260620182
Kaziranga,Rajaji,3,28.67345137,71.6848185,29.21330547,75.28386331,0.942909704,0.947248577,0.620072756,0.110474113,Assam,Uttarakhand,355.9273586,355.9273586367106,355.9273586367106
Jim Corbett,Rajaji,3,23.61364803,76.59975098,28.73046696,92.61877487,0.323202932,0.986001064,0.533461092,0.354622158,Uttarakhand,Uttarakhand,1696.993353,1696.9933528115273,1696.9933528115273
Jim Corbett,Sundarbans,3,26.4721336,78.46169669,26.64809199,84.54085405,0.518790622,0.753378185,0.893892583,0.287238992,Uttarakhand,West Bengal,605.9725411,605.9725410641962,605.9725410641962
Sundarbans,Kaziranga,3,27.98506388,82.79482051,29.01494795,83.69847587,0.703018959,0.376259586,0.788597211,0.29630812,West Bengal,Assam,144.4112998,144.41129983817484,144.41129983817484
Sundarbans,Gir Forest,1,23.40530141,83.93921613,25.62403763,71.54957154,0.363629602,0.083500717,0.15167488,0.233607751,West Bengal,Gujarat,1278.889402,1278.889401560618,1278.889401560618
Rajaji,Jim Corbett,3,25.78530628,80.82357017,22.3210717,91.03347052,0.971782083,0.777146916,0.311722068,0.04209319,Uttarakhand,Uttarakhand,1106.615172,1106.6151724606611,1106.6151724606611
Gir Forest,Rajaji,2,21.81046161,92.80985589,28.24990974,77.51514815,0.962447295,0.55840425,0.24848914,0.017873935,Gujarat,Uttarakhand,1698.502065,1698.50206513899,1698.50206513899
Kaziranga,Sundarbans,3,26.23775919,75.88153605,27.87666519,82.39407374,0.251782296,0.424222009,0.743946293,0.98772239,Assam,West Bengal,671.0032687,671.0032686981693,671.0032686981693
Sundarbans,Kaziranga,2,30.77077634,76.60786601,21.85773981,91.13950626,0.497248506,0.906354385,0.033532435,0.427773134,West Bengal,Assam,1752.406761,1752.4067606764986,1752.4067606764986
Kaziranga,Rajaji,2,26.28490392,93.28004493,23.31559905,80.41915894,0.30087831,0.111197482,0.569889685,0.384326647,Assam,Uttarakhand,1340.650513,1340.650512747918,1340.6505127479181
Jim Corbett,Sundarbans,3,24.72001274,75.67911699,23.88289728,82.33959656,0.284840494,0.492625104,0.762458686,0.679647283,Uttarakhand,West Bengal,682.3821055,682.3821055159947,682.3821055159947
Kaziranga,Rajaji,1,24.94422757,73.96033321,22.06722263,74.87043971,0.036886947,0.011353645,0.876765637,0.218253888,Assam,Uttarakhand,331.9098828,331.9098828438855,331.9098828438855
Gir Forest,Jim Corbett,3,26.93218604,73.21026433,22.17095364,86.83838274,0.609564334,0.468660642,0.342081749,0.949961184,Gujarat,Uttarakhand,1476.873748,1476.873748471178,1476.873748471178
Jim Corbett,Sundarbans,3,29.74153446,79.29349376,25.91666235,92.68890335,0.502679023,0.056303276,0.821257305,0.786345014,Uttarakhand,West Bengal,1385.014051,1385.0140512880637,1385.0140512880635
Kaziranga,Gir Forest,0,23.945891,74.4972116,22.56190472,75.1373767,0.051478751,0.118817916,0.110631737,0.089411002,Assam,Gujarat,166.6842139,166.68421389749912,166.68421389749912
Gir Forest,Sundarbans,2,21.16529172,87.10511919,29.46295059,89.60490428,0.278646464,0.117526247,0.846452292,0.417580776,Gujarat,West Bengal,952.9469153,952.9469152954572,952.9469152954572
Gir Forest,Jim Corbett,3,29.15966462,91.04679224,29.46313804,86.86947105,0.908265886,0.649210302,0.127488662,0.879118308,Gujarat,Uttarakhand,407.176959,407.1769590280322,407.1769590280322
Jim Corbett,Gir Forest,3,25.1180719,82.8996323,30.67028221,90.4569567,0.239561891,0.746044879,0.397287291,0.944732022,Uttarakhand,Gujarat,965.0154277,965.0154276978642,965.0154276978642
Sundarbans,Gir Forest,2,27.33850818,84.34155197,21.58840392,78.93480176,0.144894872,0.583368765,0.797295366,0.467401511,West Bengal,Gujarat,840.0533948,840.0533947514089,840.0533947514089
Rajaji,Kaziranga,3,27.49563323,82.81323491,28.01323054,92.48864753,0.48945276,0.962172548,0.149917427,0.613411389,Uttarakhand,Assam,955.3115993,955.3115992552856,955.3115992552855
Jim Corbett,Rajaji,2,26.78422875,75.77212988,28.41901974,80.00397195,0.985650454,0.37487058,0.229251395,0.167033946,Uttarakhand,Uttarakhand,455.3163685,455.31636851544033,455.31636851544033
Kaziranga,Jim Corbett,3,21.04563164,92.17718201,27.90842336,89.15432317,0.242055272,0.285712086,0.722252568,0.991168626,Assam,Uttarakhand,819.4922537,819.4922537077074,819.4922537077074
Kaziranga,Sundarbans,3,21.02905038,91.9148373,20.45371409,75.46575945,0.672135547,0.868599128,0.720036537,0.231671701,Assam,West Bengal,1713.57659,1713.576589941888,1713.576589941888
Kaziranga,Rajaji,3,20.54443809,88.65220207,25.77008711,77.82046932,0.761619615,0.223595839,0.641147633,0.942731774,Assam,Uttarakhand,1250.348217,1250.3482169635226,1250.3482169635226
Sundarbans,Gir Forest,3,28.43020805,87.22250371,26.33573665,81.06697169,0.237637544,0.963222539,0.693948444,0.649646649,West Bengal,Gujarat,651.5010226,651.5010226349115,651.5010226349115
Kaziranga,Gir Forest,2,25.92946024,72.46265638,28.12295124,85.60359704,0.728216349,0.012154475,0.542724443,0.607736795,Assam,Gujarat,1325.73511,1325.735109526254,1325.735109526254
Jim Corbett,Rajaji,3,21.45876053,79.15060948,20.25814374,84.64546625,0.367783133,0.969878827,0.251799059,0.512688511,Uttarakhand,Uttarakhand,587.0440894,587.044089389245,587.044089389245
Sundarbans,Rajaji,2,23.07951845,81.74705768,23.84561724,72.89314751,0.632305831,0.043159912,0.345695994,0.230669812,West Bengal,Uttarakhand,908.420258,908.420258023982,908.4202580239821
Kaziranga,Rajaji,2,27.06654,87.33918525,22.33423494,87.19082471,0.633529711,0.891143114,0.181597717,0.176528032,Assam,Uttarakhand,524.4067832,524.4067832046304,524.4067832046304
Rajaji,Kaziranga,3,21.41676955,77.69101386,22.35183074,71.86025006,0.535774684,0.527701109,0.908450561,0.220486209,Uttarakhand,Assam,611.3694214,611.3694213720563,611.3694213720563
Kaziranga,Rajaji,2,25.97181623,82.07061954,22.63580103,83.06511002,0.09028977,0.992964796,0.583391795,0.186438262,Assam,Uttarakhand,383.042722,383.0427220184832,383.0427220184832
Sundarbans,Jim Corbett,3,26.48522506,79.79602699,27.93145749,83.88974553,0.835302496,0.073796565,0.400851417,0.779584474,West Bengal,Uttarakhand,436.0477766,436.0477766161314,436.04777661613144
Jim Corbett,Gir Forest,2,26.76637223,89.22899735,29.95188295,85.83062911,0.320780065,0.553854284,0.462005804,0.350125259,Uttarakhand,Gujarat,485.3509206,485.35092060671934,485.35092060671934
Sundarbans,Kaziranga,3,23.00575018,77.80978987,30.00908632,74.0525646,0.18651851,0.969302536,0.94728334,0.057842677,West Bengal,Assam,861.4252145,861.4252145322481,861.4252145322481
Rajaji,Gir Forest,2,21.29810577,85.31859483,30.04071631,93.04860326,0.040775142,0.523097844,0.153351403,0.96910263,Uttarakhand,Gujarat,1240.242814,1240.242813508098,1240.242813508098
Kaziranga,Gir Forest,3,20.10731535,92.17344382,22.00694598,70.5386157,0.590892943,0.629398638,0.586229832,0.883785885,Assam,Gujarat,2256.453232,2256.453231897273,2256.453231897273
Gir Forest,Rajaji,4,24.25450401,78.70560262,27.5319508,80.49840324,0.677564362,0.695748689,0.505888679,0.927752283,Gujarat,Uttarakhand,405.0915322,405.0915322017351,405.0915322017351
Rajaji,Sundarbans,3,23.81914153,85.28865056,27.38312293,83.74212068,0.016587829,0.454541065,0.611454235,0.994907823,Uttarakhand,West Bengal,424.274302,424.2743020123011,424.2743020123011
Jim Corbett,Gir Forest,2,22.64005804,71.44142802,29.03077455,88.95998856,0.512093058,0.62755808,0.018110184,0.173895249,Uttarakhand,Gujarat,1891.0314,1891.0314002240289,1891.0314002240286
Kaziranga,Gir Forest,3,25.98005999,79.79173773,27.82212952,75.76153953,0.226495775,0.584314312,0.872123909,0.396242019,Assam,Gujarat,449.3484249,449.34842485836987,449.34842485836987
Kaziranga,Gir Forest,4,29.1029308,89.85197809,21.01881598,93.266036,0.64517279,0.90115801,0.932118282,0.758238476,Assam,Gujarat,959.3152909,959.3152909274934,959.3152909274934
Rajaji,Gir Forest,2,25.84394957,91.7215978,20.61847545,85.64763565,0.174366429,0.04544638,0.565133184,0.696020618,Uttarakhand,Gujarat,849.0492849,849.0492848773105,849.0492848773105
Jim Corbett,Kaziranga,2,22.65681397,76.46322656,29.87966348,71.02691825,0.690937738,0.28096319,0.696650824,0.153895906,Uttarakhand,Assam,966.7197835,966.7197834667784,966.7197834667784
Kaziranga,Jim Corbett,4,22.46067083,78.37300458,21.80040517,90.60933942,0.386735346,0.950411484,0.922499381,0.815833125,Assam,Uttarakhand,1264.154352,1264.154352150597,1264.1543521505973
Jim Corbett,Kaziranga,3,24.2184552,71.28419464,29.03152793,83.03113814,0.936729989,0.890263784,0.707238634,0.224440572,Uttarakhand,Assam,1284.680557,1284.6805571777436,1284.6805571777436
Jim Corbett,Rajaji,1,24.12442795,83.25831389,27.79423307,91.50070345,0.137520944,0.455656753,0.152539043,0.223817615,Uttarakhand,Uttarakhand,919.8441203,919.8441203225152,919.8441203225153
Kaziranga,Jim Corbett,3,26.43332056,80.6652426,23.44010383,86.7569071,0.341066351,0.620132598,0.57628836,0.536974423,Assam,Uttarakhand,698.7743775,698.774377497052,698.774377497052
Rajaji,Gir Forest,2,23.26870632,92.06602011,23.86605332,91.60628994,0.113473521,0.277381183,0.606715046,0.592939935,Uttarakhand,Gujarat,81.1141879,81.11418790200312,81.11418790200312
Gir Forest,Rajaji,3,23.59714739,84.89743118,22.94902612,79.26917907,0.924693618,0.18812116,0.424130671,0.580086208,Gujarat,Uttarakhand,580.270918,580.2709179881407,580.2709179881407
Gir Forest,Jim Corbett,3,23.08546455,74.14611847,29.0072828,90.92320337,0.877339353,0.463698405,0.736444236,0.091486837,Gujarat,Uttarakhand,1800.369614,1800.3696141374755,1800.3696141374755
Jim Corbett,Kaziranga,3,23.29251474,75.35030757,25.08956375,75.49307811,0.257941628,0.353352228,0.934367015,0.877460863,Uttarakhand,Assam,199.5708235,199.57082354503152,199.57082354503152
Gir Forest,Jim Corbett,3,22.50095811,90.3450321,28.74004422,74.85833162,0.659984046,0.583656112,0.925568513,0.265600043,Gujarat,Uttarakhand,1700.093543,1700.093543033883,1700.093543033883
Kaziranga,Rajaji,2,27.86307349,74.62278398,22.09464393,92.23478078,0.8172222,0.077734637,0.450839371,0.129514921,Assam,Uttarakhand,1887.205126,1887.2051261618271,1887.2051261618271
Kaziranga,Sundarbans,3,30.85077226,76.04620095,25.40663266,92.33558954,0.555200812,0.974394808,0.113238046,0.88874808,Assam,West Bengal,1708.120987,1708.120986669339,1708.120986669339
Gir Forest,Jim Corbett,4,30.70959533,85.9409014,27.61590294,78.19927994,0.529650578,0.986210744,0.984841199,0.955651498,Gujarat,Uttarakhand,827.2512398,827.2512397987689,827.2512397987689
Kaziranga,Sundarbans,3,26.10715082,86.11896524,30.79923363,87.87786468,0.241852291,0.698161714,0.838898086,0.862127617,Assam,West Bengal,547.7764146,547.7764145583157,547.7764145583157
Kaziranga,Rajaji,2,24.68729129,74.6365202,29.46143348,76.47005556,0.093102768,0.536096366,0.124662681,0.809516075,Assam,Uttarakhand,559.3578416,559.3578416154289,559.3578416154289
Rajaji,Jim Corbett,3,29.40323628,72.30937677,21.47519942,72.42569648,0.897215758,0.309527616,0.920841883,0.655241981,Uttarakhand,Uttarakhand,878.3503826,878.3503825779873,878.3503825779873
Kaziranga,Rajaji,4,25.38767984,77.47723345,30.11416081,81.01540905,0.900418057,0.81379502,0.869896362,0.550857371,Assam,Uttarakhand,629.1847442,629.1847442231376,629.1847442231376
Jim Corbett,Sundarbans,2,21.26189591,81.86831699,23.94277983,85.61158858,0.633101457,0.684731173,0.518838057,0.08698676,Uttarakhand,West Bengal,486.0284036,486.0284035638879,486.0284035638879
Sundarbans,Rajaji,2,30.37573689,90.2485424,26.29441365,93.86349366,0.339029791,0.162616939,0.591275436,0.408453213,West Bengal,Uttarakhand,574.5655035,574.5655035313325,574.5655035313325
Gir Forest,Rajaji,3,23.0324532,77.99010406,23.77673204,75.99539243,0.349209575,0.910927184,0.399002704,0.372688517,Gujarat,Uttarakhand,219.9167017,219.91670171850927,219.91670171850927
Kaziranga,Rajaji,2,23.90811201,91.167787,24.35238383,83.58919462,0.725955679,0.822537243,0.054761639,0.259753784,Assam,Uttarakhand,771.8302434,771.8302434308175,771.8302434308175
Gir Forest,Jim Corbett,4,28.01152997,93.22805966,21.30926552,81.02613756,0.89711026,0.949799913,0.335197242,0.723420114,Gujarat,Uttarakhand,1439.758788,1439.7587877675878,1439.7587877675878
Rajaji,Jim Corbett,4,29.48793933,90.81642277,29.50129703,88.7264054,0.887086424,0.725719508,0.802853449,0.495875735,Uttarakhand,Uttarakhand,202.6746191,202.6746190544421,202.6746190544421
Rajaji,Kaziranga,2,20.91347981,85.63648062,29.63978531,86.39368811,0.779875546,0.613415196,0.004632023,0.081046216,Uttarakhand,Assam,969.6804435,969.6804434832796,969.6804434832795
Gir Forest,Jim Corbett,2,30.1911966,71.38379819,25.39400128,82.87863944,0.642031646,0.418243036,0.333499172,0.220183202,Gujarat,Uttarakhand,1250.422112,1250.4221118199578,1250.4221118199578
Kaziranga,Sundarbans,3,22.69711731,81.80712359,26.27396003,70.12620833,0.084139965,0.932728483,0.398168694,0.683258764,Assam,West Bengal,1247.946767,1247.946766920385,1247.946766920385
Sundarbans,Kaziranga,2,22.19428089,93.50178193,25.07957493,84.40864401,0.161628714,0.86606389,0.537395603,0.076130859,West Bengal,Assam,981.0141405,981.0141404728424,981.0141404728425
Rajaji,Sundarbans,3,30.79822419,84.98599293,21.8733919,85.93445619,0.898554189,0.04521867,0.919855616,0.851206914,Uttarakhand,West Bengal,993.3298853,993.3298853064427,993.3298853064429
Gir Forest,Rajaji,2,29.17997964,72.31835715,27.16609666,84.68963591,0.60642906,0.026366974,0.346345994,0.495146527,Gujarat,Uttarakhand,1234.608537,1234.6085367785563,1234.6085367785563
Gir Forest,Jim Corbett,2,21.78532301,81.60631767,23.55921844,90.52934019,0.009197052,0.376463367,0.346953202,0.480586577,Gujarat,Uttarakhand,937.6197553,937.6197553412728,937.6197553412729
Jim Corbett,Kaziranga,3,29.53,78.774,26.576,93.336,0.101471543,0.810553331,0.737501248,0.592407785,Uttarakhand,Assam,1467.47363,1467.4736300740358,1467.4736300740358
Jim Corbett,Sundarbans,4,29.53,78.774,21.949,89.183,0.663501769,0.987276129,0.452217941,0.824680966,Uttarakhand,West Bengal,1338.990665,1338.9906652331474,1338.9906652331474
Jim Corbett,Gir Forest,1,29.53,78.774,21.124,70.824,0.005061584,0.150416891,0.224604823,0.347809208,Uttarakhand,Gujarat,1227.071877,1227.0718770518197,1227.0718770518197
Jim Corbett,Ranthambore,2,29.53,78.774,26.017,76.502,0.160808051,0.594130715,0.452439516,0.678016153,Uttarakhand,Rajasthan,449.0795566,449.079556617631,449.079556617631
Jim Corbett,Bandipur,2,29.53,78.774,11.657,76.629,0.548733789,0.380890857,0.14085702,0.565731964,Uttarakhand,Karnataka,1991.322098,1991.3220981689576,1991.3220981689576
Jim Corbett,Kanha,3,29.53,78.774,22.334,80.611,0.691895198,0.969914398,0.176386987,0.26702827,Uttarakhand,Madhya Pradesh,818.1456349,818.1456349284463,818.1456349284463
Jim Corbett,Periyar,4,29.53,78.774,9.466,77.253,0.65196126,0.842118923,0.498367773,0.878629986,Uttarakhand,Kerela,2226.873935,2226.873934949841,2226.873934949841
Jim Corbett,Manas,3,29.53,78.774,26.733,91.0,0.224269309,0.838328705,0.41892545,0.797426022,Uttarakhand,Assam,1239.754105,1239.7541047402178,1239.7541047402178
Jim Corbett,Bandhavgarh,3,29.53,78.774,23.692,81.051,0.712179221,0.46869316,0.914845901,0.658451835,Uttarakhand,Madhya Pradesh,685.3819226,685.3819226075984,685.3819226075984
Jim Corbett,Pench,2,29.53,78.774,21.763,79.307,0.237249087,0.414819502,0.362393899,0.850581729,Uttarakhand,Madhya Pradesh,862.1154611,862.1154610660293,862.1154610660293
Jim Corbett,Sariska,3,29.53,78.774,27.103,76.375,0.325399698,0.273407072,0.58058835,0.867294201,Uttarakhand,Rajasthan,357.3284866,357.3284866073863,357.3284866073863
Jim Corbett,Nagarhole,3,29.53,78.774,12.091,76.25,0.746491405,0.056375497,0.632264288,0.708362977,Uttarakhand,Karnataka,1948.462372,1948.4623716613044,1948.4623716613044
Jim Corbett,Mudumalai,3,29.53,78.774,11.568,76.646,0.649632899,0.864722376,0.013094457,0.837013328,Uttarakhand,Tamil Nadu,2000.916816,2000.916815721919,2000.916815721919
Jim Corbett,Tadoba,4,29.53,78.774,20.229,79.418,0.84922341,0.812901009,0.663537372,0.697471462,Uttarakhand,Maharashtra,1032.342404,1032.3424041277794,1032.3424041277794
Kaziranga,Sundarbans,3,26.576,93.336,21.949,89.183,0.657612892,0.999717673,0.178035967,0.680140772,Assam,West Bengal,663.5719351,663.5719350972905,663.5719350972905
Kaziranga,Gir Forest,4,26.576,93.336,21.124,70.824,0.568308603,0.996636837,0.961070317,0.618611378,Assam,Gujarat,2367.756433,2367.7564325132507,2367.7564325132507
Kaziranga,Ranthambore,2,26.576,93.336,26.017,76.502,0.093674768,0.555431706,0.148662728,0.75271664,Assam,Rajasthan,1681.063129,1681.06312898439,1681.06312898439
Kaziranga,Bandipur,2,26.576,93.336,11.657,76.629,0.367715803,0.768987415,0.414624124,0.158605105,Assam,Karnataka,2406.552439,2406.5524389987545,2406.5524389987545
Kaziranga,Kanha,3,26.576,93.336,22.334,80.611,0.265202368,0.94476573,0.085349668,0.880870759,Assam,Madhya Pradesh,1372.215858,1372.2158580701664,1372.2158580701664
Kaziranga,Periyar,4,26.576,93.336,9.466,77.253,0.243989643,0.849647391,0.996874252,0.871843528,Assam,Kerela,2541.036757,2541.036756749586,2541.036756749586
Kaziranga,Manas,2,26.576,93.336,26.733,91.0,0.973010555,0.247348102,0.50219501,0.029247283,Assam,Assam,233.2101039,233.2101038807477,233.21010388074774
Kaziranga,Bandhavgarh,3,26.576,93.336,23.692,81.051,0.393097725,0.450544135,0.595385017,0.825816751,Assam,Madhya Pradesh,1278.728089,1278.7280889519814,1278.7280889519814
Kaziranga,Pench,2,26.576,93.336,21.763,79.307,0.892046555,0.129159415,0.067076477,0.128869867,Assam,Madhya Pradesh,1520.820647,1520.8206467225878,1520.8206467225878
Kaziranga,Sariska,3,26.576,93.336,27.103,76.375,0.631138626,0.954051027,0.74996047,0.335118854,Assam,Rajasthan,1685.58347,1685.5834696264765,1685.5834696264765
Kaziranga,Nagarhole,3,26.576,93.336,12.091,76.25,0.794811304,0.606174634,0.209905593,0.743508256,Assam,Karnataka,2401.772107,2401.7721070465864,2401.7721070465864
Kaziranga,Mudumalai,2,26.576,93.336,11.568,76.646,0.502637093,0.228642806,0.898054289,0.160759896,Assam,Tamil Nadu,2412.317473,2412.3174734063123,2412.3174734063123
Kaziranga,Tadoba,3,26.576,93.336,20.229,79.418,0.576903885,0.671700684,0.20513964,0.817967024,Assam,Maharashtra,1585.312892,1585.312891625246,1585.312891625246
Sundarbans,Gir Forest,3,21.949,89.183,21.124,70.824,0.492517694,0.61812824,0.190687721,0.832134178,West Bengal,Gujarat,1902.951913,1902.951912617508,1902.9519126175082
Sundarbans,Ranthambore,1,21.949,89.183,26.017,76.502,0.195242988,0.358162718,0.036549668,0.507467734,West Bengal,Rajasthan,1366.058035,1366.058034838848,1366.058034838848
Sundarbans,Bandipur,2,21.949,89.183,11.657,76.629,0.722452115,0.113557592,0.472066945,0.006385872,West Bengal,Karnataka,1755.40135,1755.4013502949708,1755.4013502949708
Sundarbans,Kanha,2,21.949,89.183,22.334,80.611,0.280772362,0.671573196,0.564841133,0.287038133,West Bengal,Madhya Pradesh,885.1896679,885.1896679097233,885.1896679097233
Sundarbans,Periyar,2,21.949,89.183,9.466,77.253,0.024315966,0.520307701,0.065708639,0.616926918,West Bengal,Kerela,1880.150425,1880.1504251497736,1880.1504251497738
Sundarbans,Manas,4,21.949,89.183,26.733,91.0,0.645472296,0.772318392,0.775527617,0.981186178,West Bengal,Assam,561.0302462,561.0302462140295,561.0302462140295
Sundarbans,Bandhavgarh,2,21.949,89.183,23.692,81.051,0.177110679,0.520163501,0.453288835,0.631813527,West Bengal,Madhya Pradesh,856.6852506,856.6852505593993,856.6852505593993
Sundarbans,Pench,3,21.949,89.183,21.763,79.307,0.940458584,0.8521815,0.524390269,0.259803581,West Bengal,Madhya Pradesh,1020.874882,1020.874882497071,1020.874882497071
Sundarbans,Sariska,3,21.949,89.183,27.103,76.375,0.953928577,0.551906839,0.440762747,0.634005703,West Bengal,Rajasthan,1416.813949,1416.813948632515,1416.8139486325147
Sundarbans,Nagarhole,3,21.949,89.183,12.091,76.25,0.91486439,0.560937972,0.400763061,0.53998538,West Bengal,Karnataka,1754.945559,1754.945559498821,1754.945559498821
Sundarbans,Mudumalai,3,21.949,89.183,11.568,76.646,0.3701587,0.876653603,0.559640331,0.779845395,West Bengal,Tamil Nadu,1760.643129,1760.6431287484609,1760.6431287484609
Sundarbans,Tadoba,1,21.949,89.183,20.229,79.418,0.015456617,0.403482866,0.155240246,0.106980639,West Bengal,Maharashtra,1032.173205,1032.1732045426998,1032.1732045426998
Gir Forest,Ranthambore,3,21.124,70.824,26.017,76.502,0.928318563,0.134015228,0.18192813,0.761027903,Gujarat,Rajasthan,793.2816933,793.2816933284827,793.2816933284827
Gir Forest,Bandipur,2,21.124,70.824,11.657,76.629,0.428184148,0.028782676,0.861785621,0.541266579,Gujarat,Karnataka,1216.970048,1216.9700480038791,1216.9700480038791
Gir Forest,Kanha,5,21.124,70.824,22.334,80.611,0.966654819,0.755137256,0.946115462,0.962992004,Gujarat,Madhya Pradesh,1021.165997,1021.1659973447528,1021.1659973447529
Gir Forest,Periyar,3,21.124,70.824,9.466,77.253,0.963619977,0.620309551,0.373309316,0.341872166,Gujarat,Kerela,1462.485418,1462.4854180400662,1462.4854180400662
Gir Forest,Manas,3,21.124,70.824,26.733,91.0,0.853009455,0.704079768,0.270744673,0.632621893,Gujarat,Assam,2143.025559,2143.0255591406985,2143.0255591406985
Gir Forest,Bandhavgarh,3,21.124,70.824,23.692,81.051,0.294448892,0.212964162,0.643999543,0.932028106,Gujarat,Madhya Pradesh,1090.411331,1090.4113314485185,1090.4113314485185
Gir Forest,Pench,1,21.124,70.824,21.763,79.307,0.385097729,0.136371476,0.408734171,0.102509728,Gujarat,Madhya Pradesh,882.0771667,882.0771666543461,882.0771666543461
Gir Forest,Sariska,2,21.124,70.824,27.103,76.375,0.851136672,0.014544666,0.025386356,0.937228487,Gujarat,Rajasthan,869.7815235,869.7815234710422,869.7815234710422
Gir Forest,Nagarhole,2,21.124,70.824,12.091,76.25,0.316922005,0.350587559,0.156152597,0.687885722,Gujarat,Karnataka,1154.829494,1154.8294938857882,1154.8294938857882
Gir Forest,Mudumalai,2,21.124,70.824,11.568,76.646,0.169492747,0.589917687,0.715972229,0.067837059,Gujarat,Tamil Nadu,1226.436328,1226.4363281924975,1226.4363281924975
Gir Forest,Tadoba,2,21.124,70.824,20.229,79.418,0.556801262,0.392244045,0.658923942,0.300963567,Gujarat,Maharashtra,900.7814042,900.7814042085108,900.7814042085107
Ranthambore,Bandipur,3,26.017,76.502,11.657,76.629,0.936154774,0.437474922,0.027095993,0.708172089,Rajasthan,Karnataka,1589.632443,1589.6324426061371,1589.6324426061371
Ranthambore,Kanha,2,26.017,76.502,22.334,80.611,0.696029797,0.904158694,0.221972162,0.067350601,Rajasthan,Madhya Pradesh,583.6360055,583.6360054935701,583.6360054935701
Ranthambore,Periyar,2,26.017,76.502,9.466,77.253,0.57006117,0.348255467,0.231074797,0.58217046,Rajasthan,Kerela,1833.64175,1833.6417502399595,1833.6417502399593
Ranthambore,Manas,2,26.017,76.502,26.733,91.0,0.097176494,0.513989489,0.671892744,0.345883057,Rajasthan,Assam,1448.259449,1448.2594489653234,1448.2594489653234
Ranthambore,Bandhavgarh,3,26.017,76.502,23.692,81.051,0.615007227,0.783653013,0.019710538,0.620915518,Rajasthan,Madhya Pradesh,526.9166448,526.9166447901575,526.9166447901575
Ranthambore,Pench,2,26.017,76.502,21.763,79.307,0.99005385,0.396542782,0.104108582,0.045742034,Rajasthan,Madhya Pradesh,550.9346729,550.9346728687883,550.9346728687883
Ranthambore,Sariska,3,26.017,76.502,27.103,76.375,0.140084015,0.6220867,0.799916085,0.871536806,Rajasthan,Rajasthan,120.9886912,120.98869121282884,120.98869121282884
Ranthambore,Nagarhole,3,26.017,76.502,12.091,76.25,0.518329652,0.862363709,0.178544662,0.973488969,Rajasthan,Karnataka,1541.793501,1541.79350070396,1541.79350070396
Ranthambore,Mudumalai,4,26.017,76.502,11.568,76.646,0.877373072,0.949520624,0.652746108,0.968877855,Rajasthan,Tamil Nadu,1599.49313,1599.493130293377,1599.493130293377
Ranthambore,Tadoba,2,26.017,76.502,20.229,79.418,0.740768618,0.147073481,0.238182781,0.749651832,Rajasthan,Maharashtra,707.0878046,707.0878045696105,707.0878045696105
Bandipur,Kanha,2,11.657,76.629,22.334,80.611,0.697015741,0.926587625,0.099441393,0.13008624,Karnataka,Madhya Pradesh,1255.156568,1255.1565684487723,1255.1565684487723
Bandipur,Periyar,3,11.657,76.629,9.466,77.253,0.702484084,0.492116293,0.243172191,0.758263196,Karnataka,Kerela,251.7878678,251.7878677948153,251.7878677948153
Bandipur,Manas,2,11.657,76.629,26.733,91.0,0.359491151,0.258244388,0.722266932,0.024586916,Karnataka,Assam,2247.269898,2247.269898211528,2247.269898211528
Bandipur,Bandhavgarh,2,11.657,76.629,23.692,81.051,0.293591844,0.459135756,0.855696468,0.022123552,Karnataka,Madhya Pradesh,1411.86603,1411.866030062122,1411.866030062122
Bandipur,Pench,4,11.657,76.629,21.763,79.307,0.809361155,0.980032575,0.830219865,0.323610219,Karnataka,Madhya Pradesh,1154.190387,1154.1903874409077,1154.1903874409077
Bandipur,Sariska,3,11.657,76.629,27.103,76.375,0.810113395,0.492618094,0.39718353,0.48864319,Karnataka,Rajasthan,1710.108108,1710.1081077954732,1710.1081077954732
Bandipur,Nagarhole,3,11.657,76.629,12.091,76.25,0.867072319,0.32875161,0.668085137,0.770407418,Karnataka,Karnataka,63.32490055,63.32490055154586,63.32490055154586
Bandipur,Mudumalai,3,11.657,76.629,11.568,76.646,0.913240553,0.633400854,0.204984295,0.683295377,Karnataka,Tamil Nadu,10.01815492,10.018154916516066,10.018154916516066
Bandipur,Tadoba,2,11.657,76.629,20.229,79.418,0.511342399,0.240145619,0.29314773,0.445902706,Karnataka,Maharashtra,994.3607997,994.360799726869,994.360799726869
Kanha,Periyar,2,22.334,80.611,9.466,77.253,0.501516295,0.075863328,0.896335819,0.273626666,Madhya Pradesh,Kerela,1468.466366,1468.4663662570654,1468.4663662570654
Kanha,Manas,2,22.334,80.611,26.733,91.0,0.798295179,0.128879722,0.013001924,0.9971245,Madhya Pradesh,Assam,1159.388856,1159.388855845098,1159.3888558450979
Kanha,Bandhavgarh,2,22.334,80.611,23.692,81.051,0.649963931,0.128045839,0.085508531,0.426181302,Madhya Pradesh,Madhya Pradesh,157.0086538,157.00865383034835,157.00865383034835
Kanha,Pench,2,22.334,80.611,21.763,79.307,0.701966877,0.151902694,0.207886255,0.451387024,Madhya Pradesh,Madhya Pradesh,148.7167839,148.71678392412315,148.71678392412315
Kanha,Sariska,1,22.334,80.611,27.103,76.375,0.795792669,0.138827173,0.026532204,0.163623821,Madhya Pradesh,Rajasthan,680.1184684,680.1184683926947,680.1184683926947
Kanha,Nagarhole,3,22.334,80.611,12.091,76.25,0.890005342,0.640874745,0.181435435,0.794809549,Madhya Pradesh,Karnataka,1224.559103,1224.5591032830962,1224.5591032830962
Kanha,Mudumalai,2,22.334,80.611,11.568,76.646,0.337995157,0.181880084,0.583041561,0.693682226,Madhya Pradesh,Tamil Nadu,1263.854845,1263.8548445560098,1263.8548445560098
Kanha,Tadoba,2,22.334,80.611,20.229,79.418,0.375582953,0.345667283,0.421424551,0.220769613,Madhya Pradesh,Maharashtra,263.9031512,263.9031512122711,263.9031512122711
Periyar,Manas,2,9.466,77.253,26.733,91.0,0.09398194,0.89678841,0.892671711,0.082381046,Kerela,Assam,2397.481519,2397.4815185811767,2397.4815185811767
Periyar,Bandhavgarh,3,9.466,77.253,23.692,81.051,0.578280141,0.47396164,0.817443562,0.680499302,Kerela,Madhya Pradesh,1625.39341,1625.3934102987448,1625.3934102987448
Periyar,Pench,2,9.466,77.253,21.763,79.307,0.035942274,0.667557739,0.341817352,0.654511214,Kerela,Madhya Pradesh,1378.394977,1378.394977149261,1378.394977149261
Periyar,Sariska,1,9.466,77.253,27.103,76.375,0.465598018,0.172319871,0.259423433,0.273259527,Kerela,Rajasthan,1954.434808,1954.4348078085688,1954.4348078085686
Periyar,Nagarhole,3,9.466,77.253,12.091,76.25,0.542644635,0.192289019,0.379692408,0.950863562,Kerela,Karnataka,310.3866262,310.386626217692,310.38662621769197
Periyar,Mudumalai,1,9.466,77.253,11.568,76.646,0.286541252,0.040868616,0.590294943,0.151057892,Kerela,Tamil Nadu,241.8114969,241.8114968899976,241.81149688999756
Periyar,Tadoba,2,9.466,77.253,20.229,79.418,0.590833261,0.168935063,0.268063641,0.432334801,Kerela,Maharashtra,1213.427895,1213.4278945559074,1213.4278945559074
Manas,Bandhavgarh,2,26.733,91.0,23.692,81.051,0.03050025,0.278590339,0.624148908,0.94361592,Assam,Madhya Pradesh,1057.295003,1057.2950030362565,1057.2950030362565
Manas,Pench,1,26.733,91.0,21.763,79.307,0.037348189,0.177010484,0.409411652,0.419727317,Assam,Madhya Pradesh,1308.023478,1308.0234784399345,1308.0234784399345
Manas,Sariska,3,26.733,91.0,27.103,76.375,0.822600561,0.088702534,0.552047181,0.638525948,Assam,Rajasthan,1452.416075,1452.4160751831362,1452.4160751831362
Manas,Nagarhole,2,26.733,91.0,12.091,76.25,0.360190641,0.120635871,0.436126529,0.397594398,Assam,Karnataka,2237.831031,2237.831031442558,2237.831031442558
Manas,Mudumalai,1,26.733,91.0,11.568,76.646,0.127060513,0.460778768,0.29446576,0.274215202,Assam,Tamil Nadu,2253.632245,2253.6322445156266,2253.6322445156266
Manas,Tadoba,3,26.733,91.0,20.229,79.418,0.52224326,0.206333718,0.948453307,0.983977648,Assam,Maharashtra,1384.067974,1384.0679739097452,1384.0679739097452
Bandhavgarh,Pench,3,23.692,81.051,21.763,79.307,0.769993553,0.364269861,0.763605794,0.409334006,Madhya Pradesh,Madhya Pradesh,278.7913441,278.7913441212125,278.7913441212125
Bandhavgarh,Sariska,2,23.692,81.051,27.103,76.375,0.215821027,0.503417271,0.140113176,0.894099204,Madhya Pradesh,Rajasthan,603.3520531,603.3520531229766,603.3520531229766
Bandhavgarh,Nagarhole,3,23.692,81.051,12.091,76.25,0.622890476,0.690394829,0.868467976,0.229954606,Madhya Pradesh,Karnataka,1380.718237,1380.7182370449898,1380.7182370449898
Bandhavgarh,Mudumalai,1,23.692,81.051,11.568,76.646,0.085347465,0.03931214,0.487431198,0.213104704,Madhya Pradesh,Tamil Nadu,1420.599314,1420.5993137380906,1420.5993137380906
Bandhavgarh,Tadoba,2,23.692,81.051,20.229,79.418,0.051681721,0.799410399,0.894552227,0.031134083,Madhya Pradesh,Maharashtra,418.9005782,418.90057817495926,418.90057817495926
Pench,Sariska,3,21.763,79.307,27.103,76.375,0.531354632,0.627900389,0.799855256,0.651666825,Madhya Pradesh,Rajasthan,661.9312229,661.9312228717778,661.9312228717778
Pench,Nagarhole,2,21.763,79.307,12.091,76.25,0.540635122,0.081759032,0.425213504,0.368526344,Madhya Pradesh,Karnataka,1118.703312,1118.703312374177,1118.7033123741767
Pench,Mudumalai,3,21.763,79.307,11.568,76.646,0.637429901,0.873578624,0.022469308,0.86435825,Madhya Pradesh,Tamil Nadu,1163.304842,1163.304841760049,1163.304841760049
Pench,Tadoba,3,21.763,79.307,20.229,79.418,0.726091334,0.920872401,0.268677359,0.473209907,Madhya Pradesh,Maharashtra,170.2315511,170.23155105031827,170.23155105031827
Sariska,Nagarhole,3,27.103,76.375,12.091,76.25,0.975852079,0.06107796,0.541634215,0.968193428,Rajasthan,Karnataka,1661.943341,1661.9433409728497,1661.9433409728497
Sariska,Mudumalai,2,27.103,76.375,11.568,76.646,0.516300348,0.276877648,0.63347822,0.185525516,Rajasthan,Tamil Nadu,1719.980543,1719.9805433510635,1719.9805433510637
Sariska,Tadoba,3,27.103,76.375,20.229,79.418,0.322956473,0.80620128,0.257887685,0.868623168,Rajasthan,Maharashtra,822.0668352,822.0668352279544,822.0668352279544
Nagarhole,Mudumalai,3,12.091,76.25,11.568,76.646,0.795186195,0.74825969,0.139356074,0.776596853,Karnataka,Tamil Nadu,72.17537763,72.17537762816885,72.17537762816885
Nagarhole,Tadoba,3,12.091,76.25,20.229,79.418,0.270832251,0.184521019,0.834930237,0.770921845,Karnataka,Maharashtra,962.0665667,962.0665667449985,962.0665667449985
Mudumalai,Tadoba,3,11.568,76.646,20.229,79.418,0.438971421,0.209349323,0.984402181,0.844783228,Tamil Nadu,Maharashtra,1003.235559,1003.2355589456369,1003.2355589456369
